{"cameraMode":{"drawMode":0,"name":"Shaded","section":"Shading Mode"},"sceneLighting":true,"audioPlay":false,"sceneViewState":{"m_AlwaysRefresh":false,"showFog":true,"showSkybox":true,"showFlares":true,"showImageEffects":true,"showParticleSystems":true,"showVisualEffectGraphs":true,"m_FxEnabled":true},"in2DMode":false,"pivot":{"x":-0.13880324363708497,"y":-0.36707794666290285,"z":2.3725452423095705},"rotation":{"x":0.41991758346557619,"y":0.24684803187847138,"z":-0.11954184621572495,"w":0.865186333656311},"size":3.316795587539673,"orthographic":false}